user_id,listing_id,click_ts
208,249,2024-01-09 09:12:00
269,193,2024-01-25 12:56:00
500,213,2024-01-13 02:24:00
344,77,2024-01-22 14:30:00
82,238,2024-01-11 15:58:00
51,213,2024-01-25 12:08:00
342,177,2024-01-17 08:00:00
391,76,2024-01-28 00:33:00
48,104,2024-01-18 11:15:00
237,225,2024-01-29 03:39:00
139,255,2024-01-03 17:09:00
315,221,2024-01-25 21:16:00
288,6,2024-01-18 15:26:00
268,220,2024-01-03 03:20:00
89,103,2024-01-12 20:56:00
387,84,2024-01-24 10:11:00
366,273,2024-01-20 11:36:00
15,44,2024-01-05 04:42:00
308,152,2024-01-11 20:29:00
5,47,2024-01-23 19:23:00
270,150,2024-01-19 16:05:00
468,80,2024-01-25 04:19:00
98,185,2024-01-18 15:53:00
162,182,2024-01-05 01:36:00
168,187,2024-01-07 10:54:00
127,125,2024-01-23 10:53:00
401,91,2024-01-03 21:36:00
69,258,2024-01-10 06:04:00
123,210,2024-01-08 09:49:00
473,126,2024-01-14 16:20:00
172,273,2024-01-05 06:32:00
495,288,2024-01-25 02:04:00
450,110,2024-01-01 17:02:00
202,24,2024-01-05 05:50:00
157,54,2024-01-19 20:56:00
488,156,2024-01-21 02:01:00
288,43,2024-01-10 05:39:00
52,65,2024-01-26 21:04:00
369,204,2024-01-16 02:06:00
258,132,2024-01-30 08:53:00
118,142,2024-01-26 18:55:00
210,141,2024-01-05 17:21:00
341,275,2024-01-28 15:39:00
401,260,2024-01-23 18:51:00
250,60,2024-01-02 17:28:00
290,162,2024-01-30 23:31:00
246,11,2024-01-10 01:00:00
397,118,2024-01-16 08:11:00
384,25,2024-01-01 22:15:00
54,103,2024-01-10 00:05:00
391,229,2024-01-08 02:50:00
332,257,2024-01-22 08:36:00
435,292,2024-01-06 10:59:00
414,47,2024-01-09 01:05:00
251,101,2024-01-20 00:12:00
275,243,2024-01-04 19:49:00
216,84,2024-01-09 07:51:00
371,205,2024-01-29 08:41:00
1,298,2024-01-23 07:52:00
302,21,2024-01-29 08:16:00
188,204,2024-01-13 23:29:00
274,56,2024-01-21 02:31:00
59,42,2024-01-23 03:19:00
204,38,2024-01-03 16:01:00
112,161,2024-01-21 20:00:00
104,211,2024-01-15 03:12:00
65,282,2024-01-04 08:39:00
399,23,2024-01-03 19:33:00
134,240,2024-01-01 18:39:00
3,57,2024-01-24 01:32:00
271,70,2024-01-30 01:56:00
151,83,2024-01-19 17:45:00
440,20,2024-01-11 03:40:00
142,239,2024-01-23 19:55:00
497,90,2024-01-25 21:07:00
104,144,2024-01-06 11:50:00
11,208,2024-01-23 08:07:00
35,45,2024-01-05 07:33:00
11,117,2024-01-02 12:53:00
487,289,2024-01-07 09:37:00
469,24,2024-01-28 05:53:00
47,171,2024-01-07 10:24:00
356,29,2024-01-20 15:45:00
14,16,2024-01-08 23:02:00
427,215,2024-01-21 15:33:00
338,135,2024-01-25 20:19:00
98,18,2024-01-10 00:18:00
247,190,2024-01-10 14:58:00
485,282,2024-01-08 06:09:00
480,155,2024-01-17 20:34:00
149,94,2024-01-29 05:50:00
11,119,2024-01-08 23:20:00
474,72,2024-01-30 10:45:00
459,260,2024-01-17 05:31:00
133,138,2024-01-23 03:20:00
32,277,2024-01-13 14:04:00
177,249,2024-01-06 02:45:00
494,151,2024-01-21 19:28:00
42,153,2024-01-02 20:52:00
240,202,2024-01-05 11:00:00
93,214,2024-01-28 15:20:00
460,99,2024-01-30 21:10:00
3,46,2024-01-05 04:17:00
44,128,2024-01-21 11:18:00
283,222,2024-01-15 12:11:00
311,124,2024-01-30 09:53:00
371,76,2024-01-13 22:37:00
84,236,2024-01-30 11:59:00
278,279,2024-01-27 09:03:00
441,132,2024-01-14 06:02:00
205,117,2024-01-12 12:24:00
9,260,2024-01-16 06:08:00
175,73,2024-01-16 04:41:00
209,87,2024-01-29 05:06:00
221,175,2024-01-05 04:03:00
380,262,2024-01-18 04:37:00
55,184,2024-01-27 17:19:00
342,17,2024-01-05 07:25:00
4,122,2024-01-23 21:22:00
246,208,2024-01-04 05:25:00
50,66,2024-01-08 08:24:00
62,137,2024-01-04 04:14:00
126,102,2024-01-11 23:56:00
212,118,2024-01-23 19:30:00
60,294,2024-01-17 17:22:00
419,225,2024-01-22 11:35:00
130,93,2024-01-22 16:36:00
283,253,2024-01-16 09:22:00
126,274,2024-01-30 16:42:00
180,30,2024-01-18 19:53:00
214,125,2024-01-30 09:14:00
281,100,2024-01-04 21:37:00
214,2,2024-01-02 02:00:00
448,18,2024-01-14 16:41:00
21,93,2024-01-04 22:10:00
56,202,2024-01-08 08:03:00
476,220,2024-01-16 13:43:00
474,50,2024-01-07 19:58:00
364,85,2024-01-28 01:47:00
227,103,2024-01-29 10:34:00
68,202,2024-01-07 20:40:00
260,201,2024-01-01 20:30:00
325,65,2024-01-16 10:51:00
164,192,2024-01-12 00:01:00
117,245,2024-01-19 04:24:00
334,133,2024-01-05 04:53:00
243,73,2024-01-09 19:54:00
122,101,2024-01-04 22:04:00
203,51,2024-01-12 18:06:00
236,182,2024-01-29 11:14:00
11,11,2024-01-03 23:11:00
430,104,2024-01-10 23:54:00
465,266,2024-01-02 22:18:00
166,287,2024-01-27 22:41:00
330,162,2024-01-12 13:57:00
438,212,2024-01-04 07:35:00
426,230,2024-01-02 05:25:00
342,53,2024-01-02 07:54:00
51,173,2024-01-02 19:23:00
292,201,2024-01-05 06:10:00
471,205,2024-01-11 23:01:00
156,45,2024-01-23 07:01:00
148,58,2024-01-09 01:54:00
226,10,2024-01-05 02:22:00
207,47,2024-01-19 05:12:00
41,67,2024-01-26 20:12:00
440,278,2024-01-22 14:42:00
262,25,2024-01-15 15:01:00
248,16,2024-01-30 02:27:00
78,103,2024-01-17 00:14:00
49,256,2024-01-08 10:59:00
269,271,2024-01-29 02:59:00
430,133,2024-01-29 17:19:00
55,288,2024-01-24 12:24:00
38,298,2024-01-03 22:54:00
227,9,2024-01-13 21:56:00
217,94,2024-01-15 14:13:00
450,259,2024-01-21 00:46:00
435,40,2024-01-30 12:14:00
384,285,2024-01-20 03:05:00
342,89,2024-01-23 03:12:00
248,191,2024-01-06 15:59:00
351,207,2024-01-10 13:52:00
155,55,2024-01-22 00:41:00
499,70,2024-01-18 16:04:00
438,48,2024-01-23 02:46:00
274,22,2024-01-20 10:21:00
448,115,2024-01-27 18:27:00
371,278,2024-01-04 10:40:00
432,113,2024-01-26 22:15:00
400,147,2024-01-18 10:02:00
70,93,2024-01-04 13:34:00
184,82,2024-01-18 15:46:00
202,152,2024-01-20 08:07:00
150,32,2024-01-05 19:11:00
379,12,2024-01-03 11:36:00
98,14,2024-01-06 09:41:00
69,166,2024-01-21 11:56:00
429,229,2024-01-23 22:54:00
272,68,2024-01-30 11:52:00
232,70,2024-01-06 19:31:00
215,149,2024-01-04 14:53:00
148,103,2024-01-09 23:25:00
370,284,2024-01-18 21:11:00
196,186,2024-01-15 07:23:00
490,18,2024-01-06 20:02:00
314,112,2024-01-07 05:43:00
380,188,2024-01-06 11:56:00
32,83,2024-01-22 20:23:00
489,96,2024-01-18 20:03:00
218,234,2024-01-17 18:04:00
29,292,2024-01-24 06:14:00
67,250,2024-01-23 09:11:00
480,150,2024-01-22 02:05:00
439,191,2024-01-28 02:33:00
485,156,2024-01-23 19:03:00
19,244,2024-01-30 07:43:00
435,91,2024-01-04 16:04:00
304,80,2024-01-24 16:57:00
177,21,2024-01-15 08:02:00
164,69,2024-01-08 08:47:00
81,163,2024-01-23 19:13:00
189,131,2024-01-22 09:48:00
437,246,2024-01-26 15:10:00
325,34,2024-01-29 20:26:00
470,92,2024-01-08 14:57:00
469,88,2024-01-16 05:44:00
14,252,2024-01-15 04:05:00
320,195,2024-01-07 04:45:00
92,218,2024-01-15 09:36:00
321,72,2024-01-05 14:24:00
395,118,2024-01-17 13:59:00
196,298,2024-01-28 03:34:00
389,286,2024-01-15 01:48:00
454,234,2024-01-02 13:36:00
164,26,2024-01-29 20:08:00
38,229,2024-01-11 01:03:00
466,177,2024-01-02 11:44:00
113,241,2024-01-23 16:07:00
280,270,2024-01-23 14:01:00
4,258,2024-01-01 21:24:00
413,55,2024-01-19 10:05:00
281,186,2024-01-15 17:19:00
394,12,2024-01-06 16:55:00
459,181,2024-01-04 17:31:00
129,89,2024-01-05 05:49:00
180,84,2024-01-08 06:34:00
166,186,2024-01-23 04:58:00
302,298,2024-01-16 03:27:00
169,279,2024-01-13 04:11:00
96,295,2024-01-13 18:09:00
455,52,2024-01-28 08:37:00
395,146,2024-01-04 07:20:00
223,134,2024-01-28 08:20:00
160,167,2024-01-13 11:42:00
275,194,2024-01-23 13:48:00
461,282,2024-01-17 15:53:00
149,71,2024-01-01 06:46:00
439,184,2024-01-14 17:58:00
222,238,2024-01-12 18:34:00
420,28,2024-01-11 14:33:00
206,149,2024-01-14 13:31:00
163,293,2024-01-22 08:38:00
241,211,2024-01-09 08:27:00
41,18,2024-01-13 13:12:00
340,215,2024-01-08 20:49:00
138,90,2024-01-20 01:27:00
348,93,2024-01-09 03:10:00
405,188,2024-01-27 16:05:00
253,167,2024-01-15 09:06:00
78,63,2024-01-02 20:12:00
219,137,2024-01-29 21:32:00
108,38,2024-01-29 17:55:00
306,151,2024-01-14 19:46:00
310,94,2024-01-11 13:29:00
150,279,2024-01-02 18:59:00
348,92,2024-01-06 15:47:00
305,4,2024-01-25 04:49:00
369,105,2024-01-23 19:28:00
425,93,2024-01-30 05:10:00
169,196,2024-01-10 18:23:00
181,100,2024-01-27 09:34:00
364,113,2024-01-19 19:23:00
223,131,2024-01-29 14:01:00
326,244,2024-01-13 09:55:00
380,175,2024-01-28 10:26:00
437,247,2024-01-29 04:40:00
275,72,2024-01-22 02:09:00
77,31,2024-01-19 16:25:00
210,196,2024-01-10 13:38:00
171,56,2024-01-14 22:21:00
167,90,2024-01-23 18:44:00
178,110,2024-01-13 20:42:00
12,12,2024-01-14 02:43:00
220,22,2024-01-09 23:28:00
472,107,2024-01-04 23:38:00
465,127,2024-01-22 17:50:00
466,106,2024-01-18 14:45:00
98,215,2024-01-30 19:22:00
40,104,2024-01-19 13:55:00
47,18,2024-01-08 18:12:00
360,64,2024-01-08 07:46:00
443,170,2024-01-21 14:20:00
64,190,2024-01-09 03:53:00
196,111,2024-01-04 14:12:00
82,209,2024-01-03 15:55:00
51,54,2024-01-29 13:55:00
313,123,2024-01-17 02:57:00
275,81,2024-01-13 07:16:00
450,260,2024-01-01 12:04:00
189,143,2024-01-06 20:57:00
495,220,2024-01-11 10:06:00
252,226,2024-01-30 14:12:00
414,48,2024-01-09 12:32:00
375,42,2024-01-19 11:08:00
227,254,2024-01-20 22:10:00
161,206,2024-01-19 00:39:00
405,129,2024-01-27 01:04:00
375,146,2024-01-15 04:44:00
259,87,2024-01-17 04:58:00
376,296,2024-01-26 14:28:00
414,54,2024-01-12 20:10:00
264,271,2024-01-22 20:44:00
238,35,2024-01-21 01:02:00
478,43,2024-01-17 23:58:00
493,187,2024-01-09 11:08:00
242,256,2024-01-26 08:56:00
287,282,2024-01-02 03:20:00
428,154,2024-01-30 16:06:00
45,35,2024-01-23 20:18:00
450,213,2024-01-26 02:07:00
289,112,2024-01-15 14:54:00
3,88,2024-01-03 18:01:00
59,44,2024-01-11 17:59:00
210,293,2024-01-05 18:03:00
339,230,2024-01-09 21:17:00
122,278,2024-01-19 02:40:00
418,224,2024-01-03 20:09:00
48,153,2024-01-13 04:48:00
7,190,2024-01-06 15:04:00
217,201,2024-01-03 09:15:00
83,66,2024-01-15 10:15:00
416,116,2024-01-22 06:04:00
419,17,2024-01-14 18:14:00
147,26,2024-01-01 07:13:00
75,83,2024-01-18 13:26:00
388,244,2024-01-25 16:47:00
66,24,2024-01-16 12:19:00
259,82,2024-01-11 09:00:00
406,272,2024-01-28 23:29:00
485,276,2024-01-18 00:36:00
398,118,2024-01-16 11:15:00
120,294,2024-01-24 04:37:00
20,178,2024-01-06 21:25:00
412,231,2024-01-28 15:09:00
243,201,2024-01-04 08:34:00
154,269,2024-01-24 10:52:00
406,291,2024-01-25 04:05:00
363,283,2024-01-29 13:24:00
385,171,2024-01-07 20:20:00
441,222,2024-01-21 11:26:00
400,283,2024-01-08 20:09:00
385,252,2024-01-30 04:48:00
270,169,2024-01-08 20:02:00
495,200,2024-01-28 02:59:00
393,28,2024-01-16 05:41:00
407,138,2024-01-29 03:54:00
196,13,2024-01-02 17:03:00
500,28,2024-01-25 12:13:00
377,4,2024-01-19 17:44:00
111,181,2024-01-27 14:24:00
307,116,2024-01-22 04:23:00
150,98,2024-01-29 21:30:00
441,71,2024-01-17 00:06:00
310,294,2024-01-11 14:41:00
13,289,2024-01-25 12:39:00
35,26,2024-01-12 01:25:00
40,295,2024-01-02 05:39:00
446,272,2024-01-04 09:12:00
139,128,2024-01-03 18:54:00
417,231,2024-01-18 02:39:00
459,110,2024-01-08 11:54:00
370,44,2024-01-22 11:51:00
267,120,2024-01-14 00:25:00
195,246,2024-01-27 21:27:00
243,173,2024-01-19 14:23:00
185,111,2024-01-13 02:57:00
13,63,2024-01-20 18:39:00
455,243,2024-01-18 13:14:00
109,4,2024-01-09 21:15:00
435,21,2024-01-15 05:50:00
303,116,2024-01-20 03:59:00
477,170,2024-01-27 15:42:00
472,61,2024-01-19 15:37:00
217,163,2024-01-07 02:49:00
116,232,2024-01-06 04:57:00
130,274,2024-01-15 16:31:00
303,276,2024-01-24 01:22:00
277,19,2024-01-16 14:07:00
196,137,2024-01-03 21:34:00
330,144,2024-01-30 06:02:00
260,229,2024-01-26 00:34:00
27,2,2024-01-07 07:38:00
189,191,2024-01-05 12:12:00
305,237,2024-01-17 15:09:00
158,76,2024-01-25 17:39:00
154,59,2024-01-10 10:04:00
193,182,2024-01-05 11:34:00
63,246,2024-01-20 12:04:00
127,103,2024-01-13 03:59:00
262,87,2024-01-07 16:57:00
303,11,2024-01-06 00:21:00
362,158,2024-01-16 07:03:00
281,299,2024-01-20 19:59:00
500,242,2024-01-08 17:41:00
92,45,2024-01-03 23:20:00
5,109,2024-01-29 15:36:00
127,227,2024-01-21 18:38:00
341,208,2024-01-17 07:50:00
468,252,2024-01-06 01:35:00
50,237,2024-01-04 16:21:00
31,2,2024-01-12 07:12:00
160,77,2024-01-02 09:37:00
344,204,2024-01-08 22:46:00
121,154,2024-01-17 07:03:00
138,186,2024-01-11 06:47:00
478,13,2024-01-31 22:02:00
46,167,2024-01-18 18:05:00
409,117,2024-01-01 10:54:00
202,32,2024-01-03 23:44:00
422,250,2024-01-06 02:38:00
354,169,2024-01-10 05:17:00
117,283,2024-01-13 01:20:00
106,7,2024-01-13 06:55:00
68,187,2024-01-20 02:58:00
87,236,2024-01-27 19:53:00
482,262,2024-01-25 00:40:00
479,34,2024-01-22 23:44:00
274,282,2024-01-19 12:35:00
143,69,2024-01-18 18:41:00
485,104,2024-01-25 01:34:00
459,21,2024-01-22 06:00:00
268,221,2024-01-02 03:26:00
299,179,2024-01-28 14:20:00
2,129,2024-01-26 06:05:00
195,258,2024-01-26 07:07:00
231,246,2024-01-08 16:41:00
138,190,2024-01-14 16:03:00
6,220,2024-01-08 01:40:00
360,153,2024-01-24 01:33:00
191,17,2024-01-06 14:46:00
361,2,2024-01-15 14:56:00
336,112,2024-01-10 18:36:00
444,12,2024-01-21 01:11:00
357,231,2024-01-13 07:17:00
79,54,2024-01-03 10:22:00
481,78,2024-01-05 03:04:00
86,31,2024-01-11 21:38:00
125,108,2024-01-20 18:01:00
307,209,2024-01-16 00:38:00
484,26,2024-01-20 07:10:00
12,71,2024-01-06 18:25:00
233,35,2024-01-22 08:59:00
35,297,2024-01-12 20:30:00
39,141,2024-01-29 07:09:00
99,151,2024-01-20 06:23:00
381,204,2024-01-02 08:14:00
47,74,2024-01-10 04:56:00
328,8,2024-01-12 22:56:00
324,65,2024-01-04 09:49:00
76,220,2024-01-19 05:37:00
223,255,2024-01-03 00:35:00
364,132,2024-01-14 12:28:00
137,173,2024-01-22 23:22:00
330,292,2024-01-24 16:06:00
90,239,2024-01-10 10:06:00
303,180,2024-01-12 17:12:00
352,184,2024-01-09 18:49:00
393,282,2024-01-20 20:44:00
425,185,2024-01-07 12:06:00
173,109,2024-01-18 19:08:00
118,129,2024-01-21 02:36:00
418,92,2024-01-19 23:41:00
438,149,2024-01-23 06:27:00
53,225,2024-01-14 04:06:00
407,242,2024-01-14 22:18:00
286,37,2024-01-03 04:27:00
58,259,2024-01-30 04:24:00
470,146,2024-01-21 12:02:00
288,104,2024-01-13 01:55:00
328,166,2024-01-02 21:25:00
377,144,2024-01-12 03:17:00
14,281,2024-01-29 18:25:00
408,189,2024-01-01 21:57:00
154,96,2024-01-06 05:25:00
358,108,2024-01-25 17:45:00
291,208,2024-01-20 18:08:00
78,61,2024-01-21 18:32:00
87,221,2024-01-14 15:01:00
268,90,2024-01-26 01:43:00
51,197,2024-01-18 00:55:00
184,206,2024-01-13 16:49:00
239,246,2024-01-20 03:33:00
89,39,2024-01-24 19:38:00
80,179,2024-01-21 17:09:00
447,258,2024-01-02 17:13:00
60,31,2024-01-30 06:46:00
202,105,2024-01-14 14:55:00
288,28,2024-01-06 02:15:00
458,294,2024-01-28 16:06:00
183,192,2024-01-19 15:47:00
181,37,2024-01-19 23:57:00
277,147,2024-01-09 04:04:00
39,17,2024-01-04 13:10:00
285,139,2024-01-26 01:30:00
269,266,2024-01-25 19:16:00
192,237,2024-01-10 19:49:00
184,61,2024-01-03 03:36:00
302,251,2024-01-10 05:34:00
222,1,2024-01-29 22:16:00
256,267,2024-01-07 14:37:00
309,127,2024-01-14 12:59:00
62,182,2024-01-26 03:35:00
350,56,2024-01-26 03:08:00
341,66,2024-01-10 10:03:00
329,120,2024-01-09 00:55:00
456,28,2024-01-23 19:09:00
277,69,2024-01-21 03:26:00
454,101,2024-01-06 11:06:00
290,65,2024-01-16 19:40:00
383,166,2024-01-17 14:12:00
454,146,2024-01-29 13:25:00
275,234,2024-01-19 10:28:00
113,279,2024-01-08 09:08:00
250,175,2024-01-25 04:09:00
451,95,2024-01-22 06:42:00
149,18,2024-01-26 17:00:00
156,47,2024-01-07 05:58:00
66,214,2024-01-16 21:55:00
464,271,2024-01-20 14:51:00
125,198,2024-01-29 05:27:00
61,199,2024-01-20 20:00:00
300,253,2024-01-18 21:54:00
435,249,2024-01-21 20:47:00
303,24,2024-01-16 12:18:00
307,248,2024-01-30 22:20:00
306,234,2024-01-12 13:12:00
264,26,2024-01-01 01:42:00
479,280,2024-01-07 17:04:00
177,256,2024-01-31 19:07:00
201,205,2024-01-14 15:32:00
457,289,2024-01-13 18:14:00
160,75,2024-01-15 02:16:00
84,32,2024-01-14 21:23:00
203,284,2024-01-06 17:43:00
236,95,2024-01-14 14:50:00
354,206,2024-01-17 10:02:00
483,297,2024-01-19 02:29:00
206,27,2024-01-29 15:08:00
369,220,2024-01-10 04:46:00
468,14,2024-01-11 19:54:00
216,31,2024-01-15 11:01:00
225,40,2024-01-02 01:51:00
36,217,2024-01-18 05:26:00
289,198,2024-01-02 07:22:00
29,249,2024-01-07 00:12:00
465,93,2024-01-31 06:33:00
328,216,2024-01-13 14:25:00
30,100,2024-01-26 11:10:00
35,90,2024-01-13 01:28:00
468,187,2024-01-10 10:04:00
465,218,2024-01-27 09:17:00
287,298,2024-01-20 17:16:00
10,90,2024-01-06 04:50:00
69,88,2024-01-18 14:23:00
318,157,2024-01-22 23:22:00
195,76,2024-01-25 07:41:00
349,10,2024-01-22 20:23:00
83,18,2024-01-24 16:21:00
194,276,2024-01-04 06:17:00
61,195,2024-01-28 05:34:00
327,33,2024-01-12 11:27:00
39,212,2024-01-11 13:12:00
173,212,2024-01-25 07:03:00
392,22,2024-01-12 07:08:00
8,21,2024-01-25 00:17:00
105,289,2024-01-25 06:39:00
102,47,2024-01-07 23:47:00
64,101,2024-01-27 20:25:00
452,163,2024-01-27 16:04:00
275,221,2024-01-03 20:38:00
473,17,2024-01-19 07:00:00
40,64,2024-01-17 10:18:00
447,20,2024-01-06 13:46:00
352,180,2024-01-07 08:22:00
158,148,2024-01-23 21:14:00
418,9,2024-01-16 16:42:00
442,26,2024-01-07 13:39:00
344,70,2024-01-04 02:32:00
12,161,2024-01-28 17:49:00
305,136,2024-01-26 05:22:00
301,106,2024-01-22 16:40:00
356,245,2024-01-26 10:04:00
24,23,2024-01-30 09:55:00
154,125,2024-01-25 17:19:00
245,39,2024-01-24 08:42:00
113,96,2024-01-30 16:52:00
365,20,2024-01-02 10:12:00
90,208,2024-01-12 19:13:00
68,61,2024-01-01 10:34:00
289,182,2024-01-21 11:39:00
46,10,2024-01-16 09:06:00
350,8,2024-01-25 19:31:00
500,59,2024-01-07 14:28:00
307,77,2024-01-25 19:10:00
249,79,2024-01-17 16:14:00
116,147,2024-01-05 21:05:00
14,246,2024-01-13 21:55:00
389,69,2024-01-08 22:50:00
45,212,2024-01-22 11:48:00
457,122,2024-01-31 11:42:00
387,286,2024-01-30 23:47:00
257,213,2024-01-05 16:55:00
91,167,2024-01-03 14:26:00
108,194,2024-01-04 13:44:00
70,218,2024-01-13 10:55:00
22,269,2024-01-10 21:28:00
320,259,2024-01-26 19:30:00
362,181,2024-01-08 20:15:00
89,74,2024-01-28 14:28:00
387,260,2024-01-13 20:06:00
141,84,2024-01-05 21:33:00
70,132,2024-01-09 09:28:00
362,291,2024-01-24 13:54:00
73,101,2024-01-11 18:09:00
363,191,2024-01-04 00:08:00
241,171,2024-01-27 01:07:00
174,109,2024-01-10 03:20:00
315,26,2024-01-03 21:54:00
37,147,2024-01-20 05:49:00
168,19,2024-01-23 21:23:00
25,74,2024-01-23 23:21:00
183,141,2024-01-27 08:10:00
415,70,2024-01-11 06:50:00
268,204,2024-01-30 07:39:00
379,104,2024-01-21 13:00:00
167,68,2024-01-24 02:05:00
471,58,2024-01-06 17:05:00
476,52,2024-01-24 16:07:00
102,138,2024-01-19 04:22:00
365,6,2024-01-11 11:44:00
281,116,2024-01-22 11:31:00
411,270,2024-01-24 11:07:00
424,55,2024-01-26 00:11:00
498,210,2024-01-23 04:36:00
463,39,2024-01-27 15:02:00
116,31,2024-01-21 08:28:00
25,187,2024-01-28 05:36:00
261,124,2024-01-19 05:05:00
31,285,2024-01-02 10:54:00
485,50,2024-01-14 04:14:00
166,230,2024-01-18 08:52:00
344,197,2024-01-26 18:01:00
187,148,2024-01-09 22:17:00
154,46,2024-01-03 09:43:00
230,68,2024-01-26 14:36:00
431,106,2024-01-25 18:29:00
201,71,2024-01-27 04:08:00
298,16,2024-01-10 19:42:00
365,116,2024-01-26 15:19:00
167,280,2024-01-08 17:19:00
300,73,2024-01-01 09:04:00
398,237,2024-01-02 14:18:00
293,227,2024-01-18 01:37:00
397,57,2024-01-19 19:19:00
215,107,2024-01-21 17:07:00
284,46,2024-01-15 11:08:00
76,251,2024-01-11 18:52:00
378,130,2024-01-02 04:44:00
412,144,2024-01-11 22:31:00
117,149,2024-01-05 06:59:00
481,44,2024-01-29 10:59:00
380,126,2024-01-07 07:51:00
104,79,2024-01-24 01:45:00
94,249,2024-01-05 22:34:00
390,13,2024-01-04 08:59:00
12,165,2024-01-29 06:12:00
19,209,2024-01-02 21:09:00
132,85,2024-01-03 13:44:00
219,56,2024-01-06 22:13:00
248,10,2024-01-18 07:26:00
217,53,2024-01-06 17:04:00
214,150,2024-01-19 09:32:00
314,121,2024-01-13 03:23:00
440,54,2024-01-12 10:49:00
228,260,2024-01-26 08:26:00
119,171,2024-01-29 02:00:00
340,254,2024-01-06 22:40:00
349,20,2024-01-24 21:43:00
296,130,2024-01-30 11:08:00
368,30,2024-01-26 04:30:00
338,120,2024-01-09 15:37:00
76,293,2024-01-26 18:12:00
75,38,2024-01-13 07:42:00
390,299,2024-01-30 19:18:00
404,60,2024-01-13 01:52:00
311,131,2024-01-11 15:50:00
387,136,2024-01-22 22:23:00
266,137,2024-01-24 15:39:00
213,202,2024-01-29 13:09:00
290,186,2024-01-09 08:30:00
383,25,2024-01-15 13:26:00
46,141,2024-01-08 16:46:00
104,188,2024-01-16 12:05:00
393,243,2024-01-18 18:10:00
412,82,2024-01-01 09:09:00
500,221,2024-01-03 10:47:00
455,191,2024-01-27 05:39:00
500,108,2024-01-06 02:06:00
148,255,2024-01-04 17:11:00
55,237,2024-01-15 20:10:00
11,298,2024-01-21 22:25:00
296,63,2024-01-25 20:38:00
294,109,2024-01-11 08:58:00
106,39,2024-01-31 08:17:00
193,78,2024-01-28 23:04:00
17,192,2024-01-12 22:24:00
293,67,2024-01-25 21:39:00
229,198,2024-01-02 04:19:00
420,109,2024-01-28 12:29:00
58,282,2024-01-08 12:52:00
379,114,2024-01-24 22:59:00
391,23,2024-01-08 06:21:00
233,102,2024-01-07 10:42:00
167,280,2024-01-25 22:31:00
379,79,2024-01-30 19:18:00
84,96,2024-01-07 18:50:00
310,163,2024-01-13 09:18:00
73,50,2024-01-04 14:29:00
194,54,2024-01-29 10:18:00
121,167,2024-01-17 00:14:00
75,227,2024-01-30 17:46:00
486,127,2024-01-28 18:32:00
100,272,2024-01-09 14:47:00
387,21,2024-01-17 01:43:00
28,200,2024-01-13 21:00:00
318,273,2024-01-04 10:37:00
149,221,2024-01-21 21:38:00
319,184,2024-01-25 11:22:00
249,243,2024-01-21 22:27:00
386,229,2024-01-25 16:05:00
265,29,2024-01-11 20:52:00
367,115,2024-01-07 06:55:00
57,250,2024-01-17 13:32:00
480,113,2024-01-11 22:27:00
38,166,2024-01-21 09:38:00
106,275,2024-01-16 04:38:00
488,10,2024-01-18 02:56:00
230,91,2024-01-18 10:17:00
426,282,2024-01-07 06:29:00
139,199,2024-01-13 15:12:00
324,77,2024-01-26 12:13:00
391,65,2024-01-23 05:03:00
431,273,2024-01-23 17:08:00
107,270,2024-01-05 20:05:00
235,250,2024-01-01 13:22:00
239,270,2024-01-27 18:43:00
198,70,2024-01-30 16:15:00
69,230,2024-01-13 15:34:00
454,125,2024-01-15 08:29:00
450,14,2024-01-10 17:08:00
237,206,2024-01-19 10:55:00
344,56,2024-01-12 05:16:00
296,211,2024-01-11 10:48:00
171,123,2024-01-24 08:58:00
148,162,2024-01-02 00:57:00
394,186,2024-01-05 06:20:00
295,110,2024-01-25 18:33:00
114,127,2024-01-16 14:59:00
175,170,2024-01-10 15:25:00
118,237,2024-01-19 19:23:00
310,223,2024-01-04 22:40:00
425,2,2024-01-04 01:12:00
462,220,2024-01-09 05:39:00
338,113,2024-01-03 05:18:00
98,225,2024-01-23 23:15:00
123,45,2024-01-07 12:13:00
399,180,2024-01-18 07:50:00
173,176,2024-01-18 15:58:00
422,189,2024-01-29 15:49:00
378,242,2024-01-28 21:56:00
216,111,2024-01-10 15:02:00
59,207,2024-01-14 22:13:00
239,71,2024-01-18 01:30:00
266,141,2024-01-21 17:56:00
277,68,2024-01-08 04:48:00
347,56,2024-01-24 23:32:00
291,246,2024-01-04 17:49:00
139,297,2024-01-18 21:33:00
107,16,2024-01-12 04:11:00
297,82,2024-01-14 18:27:00
314,94,2024-01-29 16:31:00
263,282,2024-01-19 14:14:00
463,220,2024-01-23 16:56:00
314,220,2024-01-08 03:42:00
52,31,2024-01-03 15:07:00
59,270,2024-01-30 10:21:00
490,279,2024-01-30 10:58:00
326,204,2024-01-07 21:20:00
403,25,2024-01-09 14:20:00
467,217,2024-01-09 08:31:00
14,114,2024-01-11 04:25:00
40,187,2024-01-17 06:04:00
426,297,2024-01-08 21:05:00
127,18,2024-01-23 12:57:00
108,300,2024-01-10 17:49:00
499,86,2024-01-21 01:28:00
429,141,2024-01-31 03:20:00
218,280,2024-01-25 12:14:00
156,110,2024-01-26 20:36:00
483,25,2024-01-26 20:43:00
413,131,2024-01-17 13:58:00
263,22,2024-01-06 21:10:00
221,150,2024-01-28 08:21:00
227,159,2024-01-22 22:25:00
328,284,2024-01-12 00:53:00
335,247,2024-01-17 01:08:00
363,72,2024-01-26 20:02:00
281,12,2024-01-22 05:50:00
350,244,2024-01-09 14:51:00
478,72,2024-01-21 19:28:00
27,182,2024-01-09 12:03:00
60,187,2024-01-03 05:03:00
2,198,2024-01-18 20:02:00
268,26,2024-01-02 23:50:00
82,67,2024-01-19 08:25:00
416,237,2024-01-12 08:14:00
20,25,2024-01-24 22:26:00
273,108,2024-01-11 15:45:00
403,93,2024-01-12 06:54:00
41,102,2024-01-08 19:45:00
178,207,2024-01-14 02:32:00
284,74,2024-01-28 09:26:00
246,283,2024-01-27 21:27:00
379,68,2024-01-07 06:29:00
449,43,2024-01-19 18:40:00
130,137,2024-01-28 06:56:00
428,6,2024-01-16 14:18:00
452,221,2024-01-20 20:10:00
160,106,2024-01-29 13:48:00
434,115,2024-01-12 16:13:00
222,290,2024-01-14 05:34:00
27,64,2024-01-16 03:25:00
294,171,2024-01-07 23:40:00
351,206,2024-01-09 07:29:00
42,239,2024-01-27 15:24:00
204,141,2024-01-07 17:51:00
294,8,2024-01-09 12:25:00
74,280,2024-01-08 10:47:00
481,155,2024-01-11 22:07:00
309,251,2024-01-05 18:11:00
318,263,2024-01-24 07:05:00
380,7,2024-01-18 02:13:00
379,283,2024-01-19 23:20:00
77,204,2024-01-02 23:00:00
161,227,2024-01-31 05:36:00
469,31,2024-01-04 11:26:00
411,117,2024-01-12 06:23:00
25,14,2024-01-25 03:08:00
458,238,2024-01-04 11:12:00
316,130,2024-01-21 06:56:00
455,6,2024-01-04 08:53:00
67,147,2024-01-24 03:13:00
46,281,2024-01-09 18:22:00
103,272,2024-01-12 17:42:00
81,264,2024-01-07 01:38:00
16,238,2024-01-18 12:08:00
65,275,2024-01-27 12:09:00
117,177,2024-01-25 08:08:00
432,45,2024-01-02 07:53:00
276,7,2024-01-07 05:05:00
251,267,2024-01-24 07:31:00
292,177,2024-01-28 11:06:00
47,198,2024-01-23 11:17:00
302,266,2024-01-05 14:09:00
234,284,2024-01-18 00:07:00
374,215,2024-01-28 17:40:00
280,278,2024-01-06 15:29:00
97,102,2024-01-26 04:30:00
177,79,2024-01-07 11:12:00
197,259,2024-01-13 08:31:00
73,160,2024-01-24 19:30:00
142,233,2024-01-17 15:04:00
112,211,2024-01-26 22:50:00
252,190,2024-01-14 11:40:00
191,299,2024-01-12 16:29:00
400,131,2024-01-30 03:23:00
342,220,2024-01-04 15:45:00
61,121,2024-01-14 06:50:00
174,178,2024-01-25 19:36:00
154,70,2024-01-26 15:08:00
162,105,2024-01-03 10:24:00
137,210,2024-01-30 13:04:00
226,249,2024-01-16 14:32:00
310,187,2024-01-02 04:20:00
268,288,2024-01-10 17:55:00
394,206,2024-01-13 07:11:00
424,136,2024-01-10 18:55:00
201,160,2024-01-04 22:37:00
432,53,2024-01-27 11:10:00
330,164,2024-01-05 14:11:00
390,280,2024-01-08 04:28:00
29,159,2024-01-21 11:53:00
208,298,2024-01-28 16:49:00
320,145,2024-01-22 03:04:00
366,105,2024-01-19 08:18:00
392,63,2024-01-13 17:01:00
359,253,2024-01-21 21:17:00
129,102,2024-01-17 03:49:00
25,120,2024-01-24 17:52:00
32,237,2024-01-30 23:08:00
352,168,2024-01-17 05:22:00
21,169,2024-01-23 02:00:00
44,259,2024-01-01 18:59:00
181,112,2024-01-24 17:17:00
420,198,2024-01-21 19:30:00
188,137,2024-01-14 10:36:00
54,203,2024-01-22 12:16:00
497,45,2024-01-20 16:57:00
15,291,2024-01-17 10:26:00
340,135,2024-01-06 18:01:00
465,53,2024-01-03 10:27:00
98,189,2024-01-24 04:16:00
180,120,2024-01-24 05:04:00
237,236,2024-01-10 15:24:00
281,52,2024-01-25 06:43:00
470,163,2024-01-09 14:52:00
147,17,2024-01-26 09:17:00
319,235,2024-01-17 17:30:00
48,230,2024-01-26 10:32:00
278,275,2024-01-15 08:53:00
241,18,2024-01-26 00:10:00
336,13,2024-01-23 21:05:00
355,35,2024-01-30 20:52:00
231,10,2024-01-28 07:39:00
402,37,2024-01-29 01:11:00
445,183,2024-01-13 10:55:00
109,13,2024-01-12 15:25:00
282,207,2024-01-23 23:59:00
63,254,2024-01-22 04:33:00
432,56,2024-01-23 14:15:00
65,265,2024-01-27 19:51:00
49,287,2024-01-23 03:07:00
462,143,2024-01-13 16:58:00
114,221,2024-01-20 05:22:00
261,181,2024-01-30 02:36:00
459,220,2024-01-19 00:27:00
133,9,2024-01-26 15:02:00
308,16,2024-01-24 22:55:00
68,66,2024-01-10 15:23:00
4,168,2024-01-19 17:34:00
437,34,2024-01-23 11:53:00
447,109,2024-01-28 20:33:00
353,85,2024-01-22 16:55:00
427,206,2024-01-02 09:23:00
287,269,2024-01-24 07:00:00
180,247,2024-01-05 23:50:00
301,68,2024-01-25 08:31:00
483,34,2024-01-18 11:43:00
154,279,2024-01-24 22:24:00
147,187,2024-01-18 12:10:00
459,196,2024-01-24 11:43:00
411,293,2024-01-02 05:36:00
99,54,2024-01-21 17:05:00
490,90,2024-01-13 10:41:00
500,247,2024-01-13 14:01:00
354,188,2024-01-06 00:53:00
49,23,2024-01-06 05:02:00
8,205,2024-01-29 19:12:00
365,132,2024-01-26 19:22:00
111,72,2024-01-04 21:21:00
112,60,2024-01-10 01:56:00
436,138,2024-01-19 14:17:00
379,297,2024-01-20 08:13:00
469,126,2024-01-22 04:10:00
159,291,2024-01-14 13:16:00
124,57,2024-01-01 22:59:00
86,144,2024-01-06 06:04:00
84,260,2024-01-05 14:37:00
100,61,2024-01-27 22:44:00
402,69,2024-01-02 05:43:00
374,267,2024-01-31 04:56:00
442,192,2024-01-18 12:12:00
494,32,2024-01-25 03:52:00
352,270,2024-01-02 02:51:00
313,56,2024-01-22 22:06:00
97,57,2024-01-25 07:34:00
355,281,2024-01-06 12:20:00
152,52,2024-01-24 02:52:00
136,99,2024-01-12 22:49:00
224,37,2024-01-11 10:06:00
10,52,2024-01-27 20:16:00
401,162,2024-01-21 11:11:00
30,119,2024-01-08 20:24:00
182,42,2024-01-04 09:28:00
294,135,2024-01-20 03:22:00
376,111,2024-01-02 12:26:00
108,166,2024-01-23 08:39:00
75,40,2024-01-02 14:13:00
59,164,2024-01-08 17:34:00
184,300,2024-01-02 21:10:00
301,174,2024-01-15 08:59:00
295,272,2024-01-17 06:21:00
216,240,2024-01-17 18:41:00
455,61,2024-01-25 19:29:00
390,236,2024-01-12 04:04:00
195,32,2024-01-12 23:20:00
367,158,2024-01-03 11:06:00
424,69,2024-01-18 14:33:00
111,132,2024-01-03 19:56:00
317,281,2024-01-07 04:37:00
148,289,2024-01-27 06:35:00
231,282,2024-01-14 12:39:00
383,58,2024-01-04 14:31:00
289,63,2024-01-27 01:59:00
309,187,2024-01-11 09:55:00
188,98,2024-01-23 03:42:00
101,200,2024-01-23 03:10:00
438,239,2024-01-08 11:57:00
268,168,2024-01-06 17:36:00
475,87,2024-01-10 07:07:00
280,214,2024-01-09 08:56:00
151,238,2024-01-28 03:07:00
467,13,2024-01-10 09:29:00
31,228,2024-01-21 03:34:00
140,177,2024-01-03 09:50:00
187,93,2024-01-31 11:06:00
498,78,2024-01-14 11:14:00
9,188,2024-01-06 04:37:00
376,285,2024-01-10 10:30:00
464,227,2024-01-29 13:20:00
96,10,2024-01-26 21:58:00
442,167,2024-01-31 08:00:00
454,79,2024-01-21 11:56:00
12,20,2024-01-22 06:21:00
276,9,2024-01-28 14:31:00
435,91,2024-01-31 13:42:00
303,246,2024-01-12 06:37:00
457,297,2024-01-13 23:43:00
241,70,2024-01-02 09:53:00
271,150,2024-01-12 23:47:00
106,102,2024-01-26 10:05:00
320,214,2024-01-28 23:03:00
164,84,2024-01-30 17:47:00
454,271,2024-01-17 07:10:00
277,67,2024-01-15 04:23:00
401,199,2024-01-13 06:39:00
262,115,2024-01-16 19:50:00
24,225,2024-01-09 16:53:00
66,77,2024-01-07 16:12:00
477,251,2024-01-15 08:47:00
356,54,2024-01-20 06:41:00
345,247,2024-01-01 07:07:00
332,226,2024-01-14 00:10:00
10,279,2024-01-25 06:17:00
74,56,2024-01-05 10:29:00
66,282,2024-01-04 06:01:00
227,114,2024-01-21 16:44:00
496,56,2024-01-06 02:59:00
109,139,2024-01-05 10:57:00
70,179,2024-01-13 07:50:00
406,76,2024-01-21 16:52:00
337,240,2024-01-14 22:59:00
259,269,2024-01-20 00:49:00
352,58,2024-01-03 19:52:00
429,71,2024-01-25 04:13:00
199,68,2024-01-28 14:33:00
227,26,2024-01-22 04:39:00
163,103,2024-01-24 15:11:00
482,130,2024-01-02 01:39:00
34,48,2024-01-07 22:28:00
335,124,2024-01-05 08:25:00
302,273,2024-01-13 04:06:00
152,160,2024-01-02 10:39:00
489,79,2024-01-19 01:41:00
78,130,2024-01-06 03:21:00
491,6,2024-01-30 04:57:00
371,193,2024-01-13 10:08:00
312,169,2024-01-24 04:45:00
434,299,2024-01-01 09:25:00
103,287,2024-01-11 20:34:00
4,60,2024-01-16 14:15:00
26,59,2024-01-02 11:30:00
196,286,2024-01-26 19:30:00
339,92,2024-01-13 21:39:00
10,292,2024-01-04 10:04:00
225,2,2024-01-19 07:44:00
324,164,2024-01-27 00:33:00
457,271,2024-01-07 02:39:00
369,100,2024-01-01 18:12:00
39,207,2024-01-28 01:40:00
457,205,2024-01-30 03:24:00
355,23,2024-01-28 14:56:00
430,251,2024-01-06 22:06:00
486,62,2024-01-17 08:43:00
285,83,2024-01-23 10:43:00
120,48,2024-01-28 12:09:00
272,108,2024-01-29 23:03:00
424,228,2024-01-30 12:24:00
92,39,2024-01-20 04:13:00
117,5,2024-01-17 22:24:00
101,292,2024-01-03 23:54:00
166,94,2024-01-11 07:06:00
353,44,2024-01-17 11:55:00
439,227,2024-01-08 11:25:00
284,182,2024-01-05 11:59:00
134,267,2024-01-06 12:47:00
104,188,2024-01-14 11:56:00
420,119,2024-01-26 22:50:00
154,47,2024-01-06 02:41:00
386,18,2024-01-08 05:00:00
364,210,2024-01-15 05:13:00
424,53,2024-01-28 10:42:00
13,86,2024-01-24 23:10:00
29,227,2024-01-28 07:11:00
198,59,2024-01-05 03:19:00
231,164,2024-01-10 07:12:00
111,285,2024-01-28 10:51:00
390,125,2024-01-09 08:57:00
326,73,2024-01-08 07:58:00
313,85,2024-01-04 13:34:00
155,136,2024-01-18 18:38:00
391,271,2024-01-06 22:38:00
303,210,2024-01-06 12:27:00
262,154,2024-01-11 09:12:00
245,297,2024-01-21 08:52:00
129,66,2024-01-13 19:18:00
221,240,2024-01-11 04:11:00
414,35,2024-01-25 07:29:00
386,165,2024-01-18 09:44:00
147,121,2024-01-18 01:49:00
157,64,2024-01-16 03:07:00
317,118,2024-01-21 03:46:00
424,226,2024-01-16 04:21:00
472,261,2024-01-13 20:37:00
241,185,2024-01-16 04:45:00
41,21,2024-01-06 01:24:00
255,99,2024-01-28 03:35:00
271,283,2024-01-18 22:21:00
494,241,2024-01-05 17:54:00
4,186,2024-01-30 19:58:00
409,28,2024-01-28 03:30:00
177,16,2024-01-24 04:12:00
221,199,2024-01-26 00:47:00
107,182,2024-01-03 00:56:00
373,128,2024-01-05 03:22:00
22,42,2024-01-09 07:15:00
13,152,2024-01-10 10:10:00
25,88,2024-01-29 20:50:00
82,235,2024-01-10 21:00:00
201,237,2024-01-14 09:55:00
279,3,2024-01-05 03:14:00
459,190,2024-01-28 05:08:00
264,226,2024-01-09 11:58:00
392,240,2024-01-09 02:55:00
321,253,2024-01-28 11:48:00
360,148,2024-01-26 23:45:00
381,48,2024-01-30 06:31:00
287,30,2024-01-08 11:58:00
371,180,2024-01-22 13:39:00
3,18,2024-01-17 15:35:00
329,11,2024-01-10 09:01:00
172,187,2024-01-29 05:07:00
398,186,2024-01-26 23:59:00
225,299,2024-01-25 15:58:00
53,3,2024-01-13 13:23:00
341,90,2024-01-31 10:34:00
217,210,2024-01-25 06:18:00
233,211,2024-01-20 02:02:00
292,276,2024-01-06 22:04:00
161,139,2024-01-09 15:55:00
385,83,2024-01-22 13:39:00
499,130,2024-01-11 07:35:00
387,106,2024-01-22 00:45:00
42,36,2024-01-11 22:31:00
333,261,2024-01-05 09:27:00
356,93,2024-01-15 22:36:00
364,255,2024-01-26 01:13:00
47,28,2024-01-26 16:18:00
471,19,2024-01-19 01:08:00
115,294,2024-01-13 05:21:00
483,176,2024-01-09 22:43:00
39,273,2024-01-03 21:30:00
124,38,2024-01-19 22:49:00
397,151,2024-01-03 21:24:00
93,278,2024-01-09 02:10:00
78,272,2024-01-01 22:22:00
334,153,2024-01-11 11:48:00
23,12,2024-01-31 09:18:00
452,65,2024-01-18 04:25:00
295,46,2024-01-27 20:55:00
487,97,2024-01-03 23:54:00
432,161,2024-01-11 13:54:00
229,239,2024-01-25 06:37:00
24,214,2024-01-15 18:54:00
452,116,2024-01-26 12:48:00
430,260,2024-01-25 16:36:00
361,183,2024-01-23 02:08:00
318,148,2024-01-29 20:39:00
198,69,2024-01-06 15:45:00
435,117,2024-01-27 22:51:00
310,119,2024-01-17 16:11:00
408,229,2024-01-04 06:05:00
59,273,2024-01-30 09:21:00
433,209,2024-01-07 08:35:00
440,226,2024-01-08 19:37:00
477,211,2024-01-22 05:49:00
132,85,2024-01-15 13:51:00
305,230,2024-01-02 19:38:00
109,258,2024-01-28 01:44:00
284,15,2024-01-08 20:28:00
319,138,2024-01-30 20:41:00
315,78,2024-01-29 09:34:00
473,30,2024-01-09 11:26:00
357,22,2024-01-27 13:35:00
224,148,2024-01-26 07:58:00
311,139,2024-01-20 18:13:00
307,29,2024-01-15 16:08:00
124,106,2024-01-16 23:51:00
133,256,2024-01-20 23:15:00
436,235,2024-01-25 09:26:00
483,85,2024-01-06 12:33:00
47,88,2024-01-06 11:57:00
35,46,2024-01-30 08:17:00
88,270,2024-01-04 21:06:00
57,166,2024-01-02 17:51:00
449,47,2024-01-11 08:40:00
126,106,2024-01-02 04:48:00
443,47,2024-01-24 22:48:00
152,159,2024-01-21 14:55:00
88,105,2024-01-18 04:24:00
286,3,2024-01-23 07:53:00
22,63,2024-01-07 00:27:00
428,25,2024-01-20 07:07:00
149,283,2024-01-29 17:36:00
162,92,2024-01-24 19:55:00
271,246,2024-01-02 18:49:00
8,170,2024-01-12 11:04:00
460,150,2024-01-28 15:10:00
258,75,2024-01-15 00:23:00
474,74,2024-01-15 13:59:00
273,141,2024-01-29 21:52:00
316,236,2024-01-30 06:14:00
104,145,2024-01-02 18:00:00
151,134,2024-01-19 23:12:00
140,153,2024-01-27 17:38:00
48,145,2024-01-29 14:50:00
87,83,2024-01-24 00:25:00
55,125,2024-01-09 14:15:00
378,86,2024-01-25 07:49:00
186,158,2024-01-03 20:50:00
92,209,2024-01-18 13:57:00
108,110,2024-01-05 12:00:00
450,193,2024-01-04 09:06:00
329,246,2024-01-29 14:16:00
203,263,2024-01-28 21:35:00
43,178,2024-01-21 10:26:00
133,284,2024-01-10 10:50:00
9,15,2024-01-25 04:56:00
5,26,2024-01-26 22:24:00
474,104,2024-01-16 12:40:00
431,131,2024-01-03 06:41:00
57,156,2024-01-19 11:18:00
58,45,2024-01-28 11:20:00
387,243,2024-01-07 01:30:00
150,179,2024-01-19 03:25:00
198,154,2024-01-17 11:36:00
72,46,2024-01-18 09:11:00
384,144,2024-01-16 08:00:00
145,30,2024-01-03 20:29:00
2,123,2024-01-09 06:10:00
242,144,2024-01-08 07:53:00
41,246,2024-01-21 11:53:00
13,86,2024-01-30 01:57:00
14,152,2024-01-28 09:09:00
32,182,2024-01-13 16:14:00
26,7,2024-01-23 11:02:00
19,229,2024-01-21 03:28:00
380,1,2024-01-22 23:27:00
132,158,2024-01-25 09:11:00
119,293,2024-01-03 04:54:00
63,288,2024-01-28 07:01:00
360,165,2024-01-17 22:22:00
28,298,2024-01-18 19:52:00
43,20,2024-01-13 18:27:00
57,199,2024-01-08 12:02:00
94,104,2024-01-22 16:44:00
288,114,2024-01-17 16:03:00
219,271,2024-01-26 16:45:00
316,134,2024-01-20 13:37:00
194,286,2024-01-29 22:52:00
186,38,2024-01-24 16:36:00
341,257,2024-01-02 21:07:00
140,223,2024-01-09 02:51:00
257,278,2024-01-28 11:00:00
52,20,2024-01-31 02:45:00
53,208,2024-01-03 08:00:00
499,256,2024-01-07 19:39:00
278,143,2024-01-03 11:44:00
101,128,2024-01-28 20:38:00
407,90,2024-01-22 23:19:00
75,174,2024-01-04 18:07:00
169,264,2024-01-06 02:17:00
81,206,2024-01-26 04:30:00
115,183,2024-01-22 22:38:00
383,137,2024-01-10 08:56:00
333,231,2024-01-04 20:17:00
284,186,2024-01-06 21:56:00
463,40,2024-01-17 14:09:00
117,197,2024-01-12 05:53:00
340,66,2024-01-03 18:56:00
341,84,2024-01-08 12:15:00
365,123,2024-01-14 04:05:00
17,239,2024-01-09 11:16:00
141,112,2024-01-05 16:01:00
90,225,2024-01-17 16:57:00
42,104,2024-01-23 14:15:00
3,245,2024-01-01 06:30:00
313,148,2024-01-20 01:07:00
336,69,2024-01-05 15:00:00
329,74,2024-01-18 03:58:00
149,262,2024-01-29 13:33:00
144,187,2024-01-09 03:34:00
209,107,2024-01-20 08:33:00
73,50,2024-01-21 01:19:00
233,227,2024-01-15 00:02:00
224,164,2024-01-29 00:38:00
391,7,2024-01-17 11:46:00
486,82,2024-01-27 16:44:00
443,223,2024-01-10 14:41:00
240,126,2024-01-13 05:05:00
2,42,2024-01-26 08:45:00
307,204,2024-01-08 02:47:00
182,281,2024-01-01 18:31:00
107,86,2024-01-18 23:14:00
457,89,2024-01-23 15:02:00
52,143,2024-01-28 03:04:00
428,278,2024-01-28 20:06:00
3,14,2024-01-10 23:55:00
89,85,2024-01-16 13:47:00
134,216,2024-01-01 23:55:00
417,222,2024-01-22 13:09:00
183,289,2024-01-20 09:15:00
241,139,2024-01-20 05:37:00
368,132,2024-01-10 23:15:00
156,49,2024-01-14 18:55:00
461,231,2024-01-07 11:38:00
214,134,2024-01-30 06:55:00
459,217,2024-01-02 15:26:00
295,165,2024-01-07 18:31:00
494,173,2024-01-19 17:46:00
340,161,2024-01-11 06:07:00
169,105,2024-01-11 04:35:00
171,211,2024-01-20 00:15:00
294,6,2024-01-09 19:27:00
188,110,2024-01-27 04:43:00
175,246,2024-01-26 13:13:00
349,292,2024-01-24 10:48:00
475,99,2024-01-11 14:25:00
345,256,2024-01-05 04:13:00
38,232,2024-01-24 02:06:00
288,265,2024-01-29 20:41:00
81,60,2024-01-03 17:09:00
67,249,2024-01-06 02:45:00
476,89,2024-01-13 07:41:00
364,229,2024-01-29 11:43:00
112,172,2024-01-13 02:00:00
151,123,2024-01-27 13:20:00
68,271,2024-01-02 09:01:00
313,62,2024-01-19 18:47:00
243,134,2024-01-26 10:39:00
369,63,2024-01-21 21:25:00
172,265,2024-01-03 04:32:00
361,294,2024-01-01 19:12:00
161,205,2024-01-26 09:48:00
142,27,2024-01-06 10:01:00
118,96,2024-01-13 09:21:00
370,247,2024-01-17 04:45:00
179,35,2024-01-06 16:36:00
490,100,2024-01-05 05:14:00
123,200,2024-01-24 16:43:00
310,249,2024-01-02 04:37:00
163,226,2024-01-25 03:29:00
426,144,2024-01-13 00:54:00
102,241,2024-01-19 21:58:00
345,139,2024-01-12 06:41:00
497,151,2024-01-03 22:31:00
456,215,2024-01-19 16:28:00
459,111,2024-01-23 14:52:00
105,237,2024-01-28 02:03:00
143,43,2024-01-26 15:59:00
362,272,2024-01-22 18:52:00
427,200,2024-01-27 14:06:00
363,17,2024-01-16 12:06:00
438,85,2024-01-10 09:03:00
283,146,2024-01-06 11:44:00
359,171,2024-01-07 23:03:00
101,203,2024-01-15 11:11:00
83,204,2024-01-29 19:51:00
75,113,2024-01-26 20:46:00
430,298,2024-01-21 12:15:00
432,218,2024-01-14 13:34:00
203,156,2024-01-06 11:09:00
289,119,2024-01-14 09:20:00
110,122,2024-01-02 10:20:00
227,281,2024-01-29 22:05:00
142,48,2024-01-12 17:51:00
456,26,2024-01-17 06:04:00
173,56,2024-01-22 04:42:00
477,264,2024-01-14 13:06:00
363,9,2024-01-12 13:15:00
387,257,2024-01-20 18:59:00
150,208,2024-01-23 14:09:00
229,278,2024-01-10 04:06:00
242,31,2024-01-12 23:39:00
92,15,2024-01-02 18:51:00
303,264,2024-01-29 03:05:00
431,102,2024-01-14 17:02:00
184,173,2024-01-02 14:41:00
14,18,2024-01-24 03:42:00
29,8,2024-01-31 01:08:00
424,140,2024-01-19 06:07:00
462,278,2024-01-10 02:00:00
228,57,2024-01-21 01:37:00
47,224,2024-01-07 07:14:00
105,283,2024-01-21 23:53:00
14,192,2024-01-27 19:08:00
100,153,2024-01-12 13:13:00
12,240,2024-01-04 10:16:00
141,191,2024-01-22 00:41:00
171,253,2024-01-09 12:05:00
334,182,2024-01-28 18:09:00
349,86,2024-01-25 19:06:00
116,271,2024-01-03 23:01:00
419,105,2024-01-04 08:49:00
431,107,2024-01-02 04:39:00
122,171,2024-01-15 11:37:00
316,217,2024-01-17 05:33:00
233,29,2024-01-15 08:35:00
6,29,2024-01-02 08:18:00
397,26,2024-01-12 11:23:00
369,230,2024-01-14 22:07:00
100,291,2024-01-23 02:00:00
114,246,2024-01-01 14:13:00
210,242,2024-01-06 17:35:00
481,168,2024-01-05 08:51:00
445,218,2024-01-05 21:44:00
153,254,2024-01-07 01:56:00
273,287,2024-01-24 13:02:00
425,144,2024-01-21 22:04:00
461,162,2024-01-28 01:11:00
86,89,2024-01-09 07:45:00
193,275,2024-01-02 10:36:00
490,195,2024-01-15 12:18:00
425,82,2024-01-15 12:08:00
61,288,2024-01-24 07:28:00
493,189,2024-01-28 07:21:00
351,201,2024-01-20 23:35:00
398,164,2024-01-11 03:25:00
226,10,2024-01-22 21:23:00
414,65,2024-01-10 10:03:00
141,300,2024-01-27 09:24:00
104,39,2024-01-23 10:54:00
267,172,2024-01-01 11:23:00
49,216,2024-01-21 04:45:00
353,150,2024-01-23 05:02:00
28,69,2024-01-20 06:56:00
365,229,2024-01-22 19:48:00
162,48,2024-01-16 00:45:00
446,278,2024-01-04 02:48:00
404,84,2024-01-14 01:17:00
36,19,2024-01-07 05:45:00
418,51,2024-01-16 05:14:00
116,191,2024-01-10 05:31:00
496,276,2024-01-17 20:54:00
200,108,2024-01-13 07:31:00
444,93,2024-01-14 12:27:00
142,97,2024-01-03 13:59:00
479,179,2024-01-14 17:18:00
393,4,2024-01-23 16:10:00
134,26,2024-01-02 08:57:00
473,17,2024-01-15 19:29:00
442,77,2024-01-29 19:04:00
71,17,2024-01-22 23:41:00
101,5,2024-01-03 10:24:00
223,75,2024-01-06 03:33:00
454,177,2024-01-28 03:00:00
143,22,2024-01-06 14:02:00
405,254,2024-01-28 19:45:00
275,9,2024-01-29 05:32:00
